{
  "info": {
    "datafile": "data/teaser_opacity/000_10_70000_0_7_5.png",
    "histogram resolution": [
      30,
      30
    ],
    "time_load (ms)": 8.623,
    "time histogram (ms)": 517.303,
    "time MT (ms)": 5.397
  },
  "threshold": [
    0,
    0.0002771088777230313,
    0.0002771088777230313,
    0.0005688694892106438,
    0.0005688694892106438,
    0.20669521443434474,
    0.20669521443434474,
    0.25370371502674655,
    0.25370371502674655,
    "inf"
  ],
  "clusters": [
    5,
    5,
    4,
    4,
    3,
    3,
    2,
    2,
    1,
    1
  ]
}
